<?xml version="1.0" encoding="UTF-8"?>
<destinations xmlns:xsi="http://www.w3.org/2001/XMLSchema-instance" xsi:noNamespaceSchemaLocation="destinations.xsd"></destinations>
    <destination>
        <name>Eiffel Tower</name>
        <country>France</country>
        <description>The Eiffel Tower is an iconic symbol of Paris, France.</description>
    </destination>
    <destination>
        <name>Great Wall of China</name>
        <country>China</country>
        <description>The Great Wall of China is a historic and monumental structure.</description>
    </destination>
    <destination>
        <name>Statue of Liberty</name>
        <country>USA</country>
        <description>The Statue of Liberty is a symbol of freedom located in New York City.</description>
    </destination>
